Workbook

Sheet ダッシュボード
A1: 売上ダッシュボード 2025年
A3: ■ 商品別売上
A4: 商品名 | B4: 売上合計（円）
A5: ノートPC | B5: =SUMIFS(Sheet1!$D$2:$D$101,Sheet1!$B$2:$B$101,A5)
A6: デスクトップPC | B6: =SUMIFS(Sheet1!$D$2:$D$101,Sheet1!$B$2:$B$101,A6)
A7: タブレット | B7: =SUMIFS(Sheet1!$D$2:$D$101,Sheet1!$B$2:$B$101,A7)
A8: スマートフォン | B8: =SUMIFS(Sheet1!$D$2:$D$101,Sheet1!$B$2:$B$101,A8)
A9: プリンター | B9: =SUMIFS(Sheet1!$D$2:$D$101,Sheet1!$B$2:$B$101,A9)
A10: モニター | B10: =SUMIFS(Sheet1!$D$2:$D$101,Sheet1!$B$2:$B$101,A10)
A11: キーボード | B11: =SUMIFS(Sheet1!$D$2:$D$101,Sheet1!$B$2:$B$101,A11)
A12: マウス | B12: =SUMIFS(Sheet1!$D$2:$D$101,Sheet1!$B$2:$B$101,A12)
A13: Webカメラ | B13: =SUMIFS(Sheet1!$D$2:$D$101,Sheet1!$B$2:$B$101,A13)
A14: ヘッドセット | B14: =SUMIFS(Sheet1!$D$2:$D$101,Sheet1!$B$2:$B$101,A14)
A15: 合計 | B15: =SUM(B5:B14)
A17: ■ 地域別売上
A18: 地域 | B18: 売上合計（円）
A19: 北海道 | B19: =SUMIFS(Sheet1!$D$2:$D$101,Sheet1!$C$2:$C$101,A19)
A20: 東北 | B20: =SUMIFS(Sheet1!$D$2:$D$101,Sheet1!$C$2:$C$101,A20)
A21: 関東 | B21: =SUMIFS(Sheet1!$D$2:$D$101,Sheet1!$C$2:$C$101,A21)
A22: 中部 | B22: =SUMIFS(Sheet1!$D$2:$D$101,Sheet1!$C$2:$C$101,A22)
A23: 近畿 | B23: =SUMIFS(Sheet1!$D$2:$D$101,Sheet1!$C$2:$C$101,A23)
A24: 中国 | B24: =SUMIFS(Sheet1!$D$2:$D$101,Sheet1!$C$2:$C$101,A24)
A25: 四国 | B25: =SUMIFS(Sheet1!$D$2:$D$101,Sheet1!$C$2:$C$101,A25)
A26: 九州 | B26: =SUMIFS(Sheet1!$D$2:$D$101,Sheet1!$C$2:$C$101,A26)
A27: 合計 | B27: =SUM(B19:B26)
A29: ■ 月別売上推移
A30: 月 | B30: 売上合計（円）
A31: 1月 | B31: =SUMIFS(Sheet1!$D$2:$D$101,Sheet1!$A$2:$A$101,">="&DATE(2025,1,1),Sheet1!$A$2:$A$101,"<="&EOMONTH(DATE(2025,1,1),0))
A32: 2月 | B32: =SUMIFS(Sheet1!$D$2:$D$101,Sheet1!$A$2:$A$101,">="&DATE(2025,2,1),Sheet1!$A$2:$A$101,"<="&EOMONTH(DATE(2025,2,1),0))
A33: 3月 | B33: =SUMIFS(Sheet1!$D$2:$D$101,Sheet1!$A$2:$A$101,">="&DATE(2025,3,1),Sheet1!$A$2:$A$101,"<="&EOMONTH(DATE(2025,3,1),0))
A34: 4月 | B34: =SUMIFS(Sheet1!$D$2:$D$101,Sheet1!$A$2:$A$101,">="&DATE(2025,4,1),Sheet1!$A$2:$A$101,"<="&EOMONTH(DATE(2025,4,1),0))
A35: 5月 | B35: =SUMIFS(Sheet1!$D$2:$D$101,Sheet1!$A$2:$A$101,">="&DATE(2025,5,1),Sheet1!$A$2:$A$101,"<="&EOMONTH(DATE(2025,5,1),0))
A36: 6月 | B36: =SUMIFS(Sheet1!$D$2:$D$101,Sheet1!$A$2:$A$101,">="&DATE(2025,6,1),Sheet1!$A$2:$A$101,"<="&EOMONTH(DATE(2025,6,1),0))
A37: 7月 | B37: =SUMIFS(Sheet1!$D$2:$D$101,Sheet1!$A$2:$A$101,">="&DATE(2025,7,1),Sheet1!$A$2:$A$101,"<="&EOMONTH(DATE(2025,7,1),0))
A38: 8月 | B38: =SUMIFS(Sheet1!$D$2:$D$101,Sheet1!$A$2:$A$101,">="&DATE(2025,8,1),Sheet1!$A$2:$A$101,"<="&EOMONTH(DATE(2025,8,1),0))
A39: 9月 | B39: =SUMIFS(Sheet1!$D$2:$D$101,Sheet1!$A$2:$A$101,">="&DATE(2025,9,1),Sheet1!$A$2:$A$101,"<="&EOMONTH(DATE(2025,9,1),0))
A40: 10月 | B40: =SUMIFS(Sheet1!$D$2:$D$101,Sheet1!$A$2:$A$101,">="&DATE(2025,10,1),Sheet1!$A$2:$A$101,"<="&EOMONTH(DATE(2025,10,1),0))
A41: 11月 | B41: =SUMIFS(Sheet1!$D$2:$D$101,Sheet1!$A$2:$A$101,">="&DATE(2025,11,1),Sheet1!$A$2:$A$101,"<="&EOMONTH(DATE(2025,11,1),0))
A42: 12月 | B42: =SUMIFS(Sheet1!$D$2:$D$101,Sheet1!$A$2:$A$101,">="&DATE(2025,12,1),Sheet1!$A$2:$A$101,"<="&EOMONTH(DATE(2025,12,1),0))
A43: 合計 | B43: =SUM(B31:B42)

Sheet Sheet1
A1: 日付 | B1: 商品名 | C1: 地域 | D1: 売上金額 | E1: 顧客タイプ
A2: 45658 | B2: プリンター | C2: 近畿 | D2: 41000 | E2: 法人
A3: 45661 | B3: タブレット | C3: 四国 | D3: 83000 | E3: 法人
A4: 45671 | B4: Webカメラ | C4: 中部 | D4: 27000 | E4: 個人
A5: 45673 | B5: デスクトップPC | C5: 中部 | D5: 89000 | E5: 法人
A6: 45678 | B6: ヘッドセット | C6: 東北 | D6: 31000 | E6: 個人
A7: 45678 | B7: モニター | C7: 中部 | D7: 51000 | E7: 個人
A8: 45680 | B8: キーボード | C8: 北海道 | D8: 19000 | E8: 個人
A9: 45681 | B9: スマートフォン | C9: 九州 | D9: 128000 | E9: 個人
A10: 45685 | B10: デスクトップPC | C10: 北海道 | D10: 111000 | E10: 個人
A11: 45686 | B11: スマートフォン | C11: 北海道 | D11: 90000 | E11: 法人
A12: 45687 | B12: ヘッドセット | C12: 北海道 | D12: 25000 | E12: 法人
A13: 45691 | B13: スマートフォン | C13: 中国 | D13: 77000 | E13: 個人
... A101: 46017 | B101: デスクトップPC | C101: 四国 | D101: 64000 | E101: 個人

Sheet 商品別集計
A1: 商品名 | B1: 売上合計（円） | C1: 構成比（%）
A2: ノートPC | B2: =SUMIFS(Sheet1!$D$2:$D$101,Sheet1!$B$2:$B$101,A2) | C2: =IF(B12=0,0,B2/B12)
A3: デスクトップPC | B3: =SUMIFS(Sheet1!$D$2:$D$101,Sheet1!$B$2:$B$101,A3) | C3: =IF(B12=0,0,B3/B12)
A4: タブレット | B4: =SUMIFS(Sheet1!$D$2:$D$101,Sheet1!$B$2:$B$101,A4) | C4: =IF(B12=0,0,B4/B12)
A5: スマートフォン | B5: =SUMIFS(Sheet1!$D$2:$D$101,Sheet1!$B$2:$B$101,A5) | C5: =IF(B12=0,0,B5/B12)
A6: プリンター | B6: =SUMIFS(Sheet1!$D$2:$D$101,Sheet1!$B$2:$B$101,A6) | C6: =IF(B12=0,0,B6/B12)
A7: モニター | B7: =SUMIFS(Sheet1!$D$2:$D$101,Sheet1!$B$2:$B$101,A7) | C7: =IF(B12=0,0,B7/B12)
A8: キーボード | B8: =SUMIFS(Sheet1!$D$2:$D$101,Sheet1!$B$2:$B$101,A8) | C8: =IF(B12=0,0,B8/B12)
A9: マウス | B9: =SUMIFS(Sheet1!$D$2:$D$101,Sheet1!$B$2:$B$101,A9) | C9: =IF(B12=0,0,B9/B12)
A10: Webカメラ | B10: =SUMIFS(Sheet1!$D$2:$D$101,Sheet1!$B$2:$B$101,A10) | C10: =IF(B12=0,0,B10/B12)
A11: ヘッドセット | B11: =SUMIFS(Sheet1!$D$2:$D$101,Sheet1!$B$2:$B$101,A11) | C11: =IF(B12=0,0,B11/B12)
A12: 合計 | B12: =SUM(B2:B11) | C12: =SUM(C2:C11)

Sheet 地域別集計
A1: 地域 | B1: 売上合計（円） | C1: 構成比（%）
A2: 北海道 | B2: =SUMIFS(Sheet1!$D$2:$D$101,Sheet1!$C$2:$C$101,A2) | C2: =IF(B10=0,0,B2/B10)
A3: 東北 | B3: =SUMIFS(Sheet1!$D$2:$D$101,Sheet1!$C$2:$C$101,A3) | C3: =IF(B10=0,0,B3/B10)
A4: 関東 | B4: =SUMIFS(Sheet1!$D$2:$D$101,Sheet1!$C$2:$C$101,A4) | C4: =IF(B10=0,0,B4/B10)
A5: 中部 | B5: =SUMIFS(Sheet1!$D$2:$D$101,Sheet1!$C$2:$C$101,A5) | C5: =IF(B10=0,0,B5/B10)
A6: 近畿 | B6: =SUMIFS(Sheet1!$D$2:$D$101,Sheet1!$C$2:$C$101,A6) | C6: =IF(B10=0,0,B6/B10)
A7: 中国 | B7: =SUMIFS(Sheet1!$D$2:$D$101,Sheet1!$C$2:$C$101,A7) | C7: =IF(B10=0,0,B7/B10)
A8: 四国 | B8: =SUMIFS(Sheet1!$D$2:$D$101,Sheet1!$C$2:$C$101,A8) | C8: =IF(B10=0,0,B8/B10)
A9: 九州 | B9: =SUMIFS(Sheet1!$D$2:$D$101,Sheet1!$C$2:$C$101,A9) | C9: =IF(B10=0,0,B9/B10)
A10: 合計 | B10: =SUM(B2:B9) | C10: =SUM(C2:C9)
